{
  "results": {
    "openbookqa": {
      "acc": 0.142,
      "acc_stderr": 0.015625630247810305,
      "acc_norm": 0.27,
      "acc_norm_stderr": 0.019874354831287484
    },
    "arc_easy": {
      "acc": 0.2676767676767677,
      "acc_stderr": 0.009085000147099353,
      "acc_norm": 0.27441077441077444,
      "acc_norm_stderr": 0.009156177122244535
    },
    "arc_challenge": {
      "acc": 0.20477815699658702,
      "acc_stderr": 0.01179254433851341,
      "acc_norm": 0.25341296928327645,
      "acc_norm_stderr": 0.012710896778378604
    },
    "piqa": {
      "acc": 0.544069640914037,
      "acc_stderr": 0.011620422647622234,
      "acc_norm": 0.514689880304679,
      "acc_norm_stderr": 0.011660788281735491
    },
    "boolq": {
      "acc": 0.40061162079510704,
      "acc_stderr": 0.008570545612096376
    },
    "winogrande": {
      "acc": 0.47355958958168903,
      "acc_stderr": 0.014032823874407224
    },
    "hellaswag": {
      "acc": 0.2581159131647082,
      "acc_stderr": 0.00436703763220453,
      "acc_norm": 0.2559251145190201,
      "acc_norm_stderr": 0.00435488100578973
    }
  },
  "versions": {
    "openbookqa": 0,
    "arc_easy": 0,
    "arc_challenge": 0,
    "piqa": 0,
    "boolq": 1,
    "winogrande": 0,
    "hellaswag": 0
  },
  "config": {
    "model": "hf-causal-experimental",
    "model_args": "checkpoint=prune_log/DeepSeek-R1-Distill-Qwen-7B_s0.10/pytorch_model.bin,peft=tune_log/DeepSeek-R1-Distill-Qwen-7B_s0.10/checkpoint-1400,config_pretrained=deepseek-ai/DeepSeek-R1-Distill-Qwen-7B",
    "num_fewshot": 0,
    "batch_size": null,
    "device": "cuda:0",
    "no_cache": true,
    "limit": null,
    "bootstrap_iters": 100000,
    "description_dict": {}
  }
}