{
  "results": {
    "arc_challenge": {
      "acc": 0.2627986348122867,
      "acc_stderr": 0.012862523175351331,
      "acc_norm": 0.30631399317406144,
      "acc_norm_stderr": 0.013470584417276514
    },
    "openbookqa": {
      "acc": 0.164,
      "acc_stderr": 0.01657581114244669,
      "acc_norm": 0.272,
      "acc_norm_stderr": 0.01992048320956607
    },
    "winogrande": {
      "acc": 0.4972375690607735,
      "acc_stderr": 0.014052271211616452
    },
    "piqa": {
      "acc": 0.5788900979325353,
      "acc_stderr": 0.01151970105915149,
      "acc_norm": 0.5712731229597389,
      "acc_norm_stderr": 0.01154669443571219
    },
    "arc_easy": {
      "acc": 0.47769360269360267,
      "acc_stderr": 0.01024956840455565,
      "acc_norm": 0.4604377104377104,
      "acc_norm_stderr": 0.010227616386289011
    },
    "boolq": {
      "acc": 0.6012232415902141,
      "acc_stderr": 0.008563973987729909
    },
    "hellaswag": {
      "acc": 0.3451503684524995,
      "acc_stderr": 0.004744456628455116,
      "acc_norm": 0.4073889663413663,
      "acc_norm_stderr": 0.004903441680003831
    }
  },
  "versions": {
    "arc_challenge": 0,
    "openbookqa": 0,
    "winogrande": 0,
    "piqa": 0,
    "arc_easy": 0,
    "boolq": 1,
    "hellaswag": 0
  },
  "config": {
    "model": "hf-causal-experimental",
    "model_args": "checkpoint=prune_log/Qwen2.5-Math-7B_s0.50/pytorch_model.bin,peft=tune_log/Qwen2.5-Math-7B_s0.50/checkpoint-1400,config_pretrained=Qwen/Qwen2.5-Math-7B",
    "num_fewshot": 0,
    "batch_size": null,
    "device": "cuda:0",
    "no_cache": true,
    "limit": null,
    "bootstrap_iters": 100000,
    "description_dict": {}
  }
}