{
  "results": {
    "arc_easy": {
      "acc": 0.48274410774410775,
      "acc_stderr": 0.010253671674754631,
      "acc_norm": 0.44696969696969696,
      "acc_norm_stderr": 0.01020191492779168
    },
    "openbookqa": {
      "acc": 0.148,
      "acc_stderr": 0.015896458561251246,
      "acc_norm": 0.266,
      "acc_norm_stderr": 0.019780559675655493
    },
    "arc_challenge": {
      "acc": 0.26023890784982934,
      "acc_stderr": 0.012821930225112568,
      "acc_norm": 0.30716723549488056,
      "acc_norm_stderr": 0.013481034054980941
    },
    "hellaswag": {
      "acc": 0.35331607249551883,
      "acc_stderr": 0.004770229206838893,
      "acc_norm": 0.4287990440151364,
      "acc_norm_stderr": 0.004938930143234467
    },
    "boolq": {
      "acc": 0.6097859327217126,
      "acc_stderr": 0.008531643526263245
    },
    "winogrande": {
      "acc": 0.531965272296764,
      "acc_stderr": 0.014023739221166386
    },
    "piqa": {
      "acc": 0.5914036996735582,
      "acc_stderr": 0.011469240387245143,
      "acc_norm": 0.5837867247007617,
      "acc_norm_stderr": 0.011500864675166566
    }
  },
  "versions": {
    "arc_easy": 0,
    "openbookqa": 0,
    "arc_challenge": 0,
    "hellaswag": 0,
    "boolq": 1,
    "winogrande": 0,
    "piqa": 0
  },
  "config": {
    "model": "hf-causal-experimental",
    "model_args": "checkpoint=prune_log/Qwen2.5-Math-7B_s0.75/pytorch_model.bin,peft=tune_log/Qwen2.5-Math-7B_s0.75/checkpoint-1400,config_pretrained=Qwen/Qwen2.5-Math-7B",
    "num_fewshot": 0,
    "batch_size": null,
    "device": "cuda:0",
    "no_cache": true,
    "limit": null,
    "bootstrap_iters": 100000,
    "description_dict": {}
  }
}