{
  "results": {
    "arc_challenge": {
      "acc": 0.23037542662116042,
      "acc_stderr": 0.01230492841874761,
      "acc_norm": 0.2713310580204778,
      "acc_norm_stderr": 0.012993807727545792
    },
    "openbookqa": {
      "acc": 0.15,
      "acc_stderr": 0.015984712135164926,
      "acc_norm": 0.266,
      "acc_norm_stderr": 0.01978055967565549
    },
    "winogrande": {
      "acc": 0.4980268350434096,
      "acc_stderr": 0.014052376259225636
    },
    "hellaswag": {
      "acc": 0.25423222465644296,
      "acc_stderr": 0.004345388614520031,
      "acc_norm": 0.262796255725951,
      "acc_norm_stderr": 0.0043925313442973995
    },
    "piqa": {
      "acc": 0.5391730141458106,
      "acc_stderr": 0.011629966056957108,
      "acc_norm": 0.5250272034820457,
      "acc_norm_stderr": 0.01165120096762371
    },
    "arc_easy": {
      "acc": 0.25715488215488214,
      "acc_stderr": 0.008968394768971991,
      "acc_norm": 0.2474747474747475,
      "acc_norm_stderr": 0.008855114414834709
    },
    "boolq": {
      "acc": 0.3871559633027523,
      "acc_stderr": 0.00851942920759441
    }
  },
  "versions": {
    "arc_challenge": 0,
    "openbookqa": 0,
    "winogrande": 0,
    "hellaswag": 0,
    "piqa": 0,
    "arc_easy": 0,
    "boolq": 1
  },
  "config": {
    "model": "hf-causal-experimental",
    "model_args": "checkpoint=prune_log/DeepSeek-R1-Distill-Qwen-7B_s0.50/pytorch_model.bin,config_pretrained=deepseek-ai/DeepSeek-R1-Distill-Qwen-7B",
    "num_fewshot": 0,
    "batch_size": null,
    "device": "cuda:0",
    "no_cache": true,
    "limit": null,
    "bootstrap_iters": 100000,
    "description_dict": {}
  }
}